case_id,testlet_no,unit_key,variable_id,value,response_present,code_status,code_id,code_type,code_score,legacy_code_status,legacy_code_id,legacy_code_type,legacy_code_score
1,1,U1,V01,A,TRUE,CODING_COMPLETE,1,FULL_CREDIT,1,CODING_COMPLETE,1,FULL_CREDIT,1
1,1,U1,V02,NA,TRUE,DISPLAYED,-99,MISSING_BY_OMISSION,0,DISPLAYED,-99,MISSING_BY_OMISSION,0
1,1,U1,V03,A,TRUE,CODING_COMPLETE,1,FULL_CREDIT,1,CODING_COMPLETE,1,FULL_CREDIT,1
1,1,U1,V04,NA,TRUE,PARTLY_DISPLAYED,-99,MISSING_BY_OMISSION,0,PARTLY_DISPLAYED,-99,MISSING_BY_OMISSION,0
1,1,U1,V05,NA,TRUE,NOT_REACHED,-96,MISSING_NOT_REACHED,NA,NOT_REACHED,-96,MISSING_NOT_REACHED,NA
1,1,U2,V06,NA,TRUE,NOT_REACHED,-96,MISSING_NOT_REACHED,NA,NOT_REACHED,-96,MISSING_NOT_REACHED,NA
1,1,U2,V07,NA,TRUE,NOT_REACHED,-96,MISSING_NOT_REACHED,NA,NOT_REACHED,-96,MISSING_NOT_REACHED,NA
2,1,U1,V01,NA,TRUE,NOT_REACHED,-96,MISSING_NOT_REACHED,NA,NOT_REACHED,-96,MISSING_NOT_REACHED,NA
2,1,U1,V02,A,TRUE,CODING_COMPLETE,1,FULL_CREDIT,1,CODING_COMPLETE,1,FULL_CREDIT,1
2,1,U1,V03,NA,TRUE,NOT_REACHED,-96,MISSING_NOT_REACHED,NA,NOT_REACHED,-96,MISSING_NOT_REACHED,NA
3,1,U1,V01,A,TRUE,CODING_COMPLETE,1,FULL_CREDIT,1,CODING_COMPLETE,1,FULL_CREDIT,1
3,1,U1,V02,NA,TRUE,DISPLAYED,-99,MISSING_BY_OMISSION,0,DISPLAYED,-99,MISSING_BY_OMISSION,0
3,1,U1,V03,NA,TRUE,NOT_REACHED,-96,MISSING_NOT_REACHED,NA,NOT_REACHED,-99,MISSING_BY_OMISSION,0
3,1,U2,V04,A,TRUE,CODING_COMPLETE,1,FULL_CREDIT,1,CODING_COMPLETE,1,FULL_CREDIT,1
3,1,U2,V05,NA,TRUE,NOT_REACHED,-96,MISSING_NOT_REACHED,NA,NOT_REACHED,-96,MISSING_NOT_REACHED,NA
3,1,U3,V06,NA,TRUE,NOT_REACHED,-96,MISSING_NOT_REACHED,NA,NOT_REACHED,-96,MISSING_NOT_REACHED,NA
4,1,U1,V01,A,TRUE,CODING_COMPLETE,1,FULL_CREDIT,1,CODING_COMPLETE,1,FULL_CREDIT,1
4,1,U1,V02,NA,TRUE,NOT_REACHED,-96,MISSING_NOT_REACHED,NA,NOT_REACHED,-99,MISSING_BY_OMISSION,0
4,1,U1,V03,NA,TRUE,DISPLAYED,-99,MISSING_BY_OMISSION,0,DISPLAYED,-99,MISSING_BY_OMISSION,0
4,1,U2,V04,NA,TRUE,DISPLAYED,-99,MISSING_BY_OMISSION,0,DISPLAYED,-99,MISSING_BY_OMISSION,0
4,1,U2,V05,NA,TRUE,DISPLAYED,-99,MISSING_BY_OMISSION,0,DISPLAYED,-99,MISSING_BY_OMISSION,0
4,1,U3,V06,NA,TRUE,NOT_REACHED,-96,MISSING_NOT_REACHED,NA,NOT_REACHED,-96,MISSING_NOT_REACHED,NA
5,1,U1,V01,NA,TRUE,DISPLAYED,-99,MISSING_BY_OMISSION,0,DISPLAYED,-99,MISSING_BY_OMISSION,0
5,1,U1,V02,NA,TRUE,DISPLAYED,-99,MISSING_BY_OMISSION,0,DISPLAYED,-99,MISSING_BY_OMISSION,0
5,1,U2,V03,NA,TRUE,DISPLAYED,-99,MISSING_BY_OMISSION,0,DISPLAYED,-99,MISSING_BY_OMISSION,0
5,1,U2,V04,NA,TRUE,DISPLAYED,-99,MISSING_BY_OMISSION,0,DISPLAYED,-99,MISSING_BY_OMISSION,0
6,1,U1,V01,NA,TRUE,DISPLAYED,-99,MISSING_BY_OMISSION,0,DISPLAYED,-99,MISSING_BY_OMISSION,0
6,1,U1,V02,NA,TRUE,NOT_REACHED,-96,MISSING_NOT_REACHED,NA,NOT_REACHED,-96,MISSING_NOT_REACHED,NA
6,2,U2,V03,A,TRUE,CODING_COMPLETE,1,FULL_CREDIT,1,CODING_COMPLETE,1,FULL_CREDIT,1
6,2,U2,V04,NA,TRUE,DISPLAYED,-99,MISSING_BY_OMISSION,0,DISPLAYED,-99,MISSING_BY_OMISSION,0
7,1,U1,V01,NA,FALSE,NA,NA,NA,NA,NA,-99,MISSING_BY_OMISSION,0
7,1,U2,V02,A,TRUE,CODING_COMPLETE,1,FULL_CREDIT,1,CODING_COMPLETE,1,FULL_CREDIT,1
7,1,U2,V03,NA,FALSE,NA,NA,NA,NA,NA,-96,MISSING_NOT_REACHED,NA
7,1,U3,V04,NA,FALSE,NA,NA,NA,NA,NA,-96,MISSING_NOT_REACHED,NA
8,1,U1,V01,NA,FALSE,NA,NA,NA,NA,NA,-96,MISSING_NOT_REACHED,NA
8,1,U1,V02,NA,FALSE,NA,NA,NA,NA,NA,-96,MISSING_NOT_REACHED,NA
8,1,U2,V03,NA,FALSE,NA,NA,NA,NA,NA,-96,MISSING_NOT_REACHED,NA
9,1,U1,V01,A,TRUE,CODING_COMPLETE,1,FULL_CREDIT,1,CODING_COMPLETE,1,FULL_CREDIT,1
9,1,U1,V02,NA,TRUE,DISPLAYED,-99,MISSING_BY_OMISSION,0,DISPLAYED,-99,MISSING_BY_OMISSION,0
9,1,U1,V03,NA,TRUE,NOT_REACHED,-96,MISSING_NOT_REACHED,NA,NOT_REACHED,-99,MISSING_BY_OMISSION,0
9,1,U2,V04,?,TRUE,INVALID,-98,MISSING_INVALID_RESPONSE,0,INVALID,-98,MISSING_INVALID_RESPONSE,0
9,1,U2,V05,?,TRUE,CODING_ERROR,-97,MISSING_CODING_IMPOSSIBLE,NA,CODING_ERROR,-97,MISSING_CODING_IMPOSSIBLE,NA
10,1,U1,V01,NA,TRUE,NO_CODING,NA,NA,NA,NO_CODING,-94,NO_CODING,NA
11,1,U1,V01,A,TRUE,CODING_COMPLETE,1,FULL_CREDIT,1,CODING_COMPLETE,1,FULL_CREDIT,1
11,1,U1,V02,NA,TRUE,DISPLAYED,-99,MISSING_BY_OMISSION,0,DISPLAYED,-99,MISSING_BY_OMISSION,0
11,1,U2,V03,NA,FALSE,NA,NA,NA,NA,NA,-96,MISSING_NOT_REACHED,NA
12,1,U1,V01,NA,TRUE,NOT_REACHED,NA,NA,NA,NOT_REACHED,-96,MISSING_NOT_REACHED,NA
12,1,U1,V02,A,TRUE,CODING_COMPLETE,1,FULL_CREDIT,1,CODING_COMPLETE,1,FULL_CREDIT,1
12,1,U1,V03,NA,TRUE,NOT_REACHED,NA,NA,NA,NOT_REACHED,-96,MISSING_NOT_REACHED,NA
13,1,U1,V01,A,TRUE,CODING_COMPLETE,1,FULL_CREDIT,1,CODING_COMPLETE,1,FULL_CREDIT,1
13,1,U1,V02,NA,TRUE,DISPLAYED,-99,MISSING_BY_OMISSION,0,DISPLAYED,-99,MISSING_BY_OMISSION,0
13,1,U1,V03,NA,TRUE,NOT_REACHED,NA,NA,NA,NOT_REACHED,-99,MISSING_BY_OMISSION,0
13,1,U2,V04,A,TRUE,CODING_COMPLETE,1,FULL_CREDIT,1,CODING_COMPLETE,1,FULL_CREDIT,1
13,1,U2,V05,NA,TRUE,NOT_REACHED,NA,NA,NA,NOT_REACHED,-96,MISSING_NOT_REACHED,NA
13,1,U3,V06,NA,TRUE,NOT_REACHED,NA,NA,NA,NOT_REACHED,-96,MISSING_NOT_REACHED,NA
